id,name,category,subcategory,aurum,aurum_vozvr,argentum,argentum_vozvr,plat,plat_vozvr,palad,palad_vozvr,rod,irid,rut,mpg,indii,osmii,ekran,diam_prov,ch_jil,mat_jil,plotn_opl,prov_v_zhile,sech_jil,koldet,title,description,type,tom,revision,pages,publisher,year,isbn,rem,remarks
16012,контактор вкдд533дод,Контакторы,,0,0,7.88,0,0,0,0,0,0,0,0,0,0,0,,0,0,,,0,0,,,,,,,,,0,,,
16013,контактор 5вб 566.420,Контакторы,,0,0,5.4347,0,0,0,0,0,0,0,0,0,0,0,,0,0,,,0,0,,,,,,,,,0,,,
16014,контактор 5вб 566.424,Контакторы,,0,0,5.9835,0,0,0,0,0,0,0,0,0,0,0,,0,0,,,0,0,,,,,,,,,0,,,
16015,контактор 5вб 566.428,Контакторы,,0,0,7.6306,0,0,0,0,0,0,0,0,0,0,0,,0,0,,,0,0,,,,,,,,,0,,,
16016,контактор 5вб 566.433,Контакторы,,0,0,6.0305,0,0,0,0,0,0,0,0,0,0,0,,0,0,,,0,0,,,,,,,,,0,,,
16017,контактор 5вб 566.451,Контакторы,,0,0,5.7543,0,0,0,0,0,0,0,0,0,0,0,,0,0,,,0,0,,,,,,,,,0,,,
16018,контактор 5вб 566.499,Контакторы,,0,0,2.1707,0,0,0,0,0,0,0,0,0,0,0,,0,0,,,0,0,,,,,,,,,0,,,
16019,контактор 5вб 566.524,Контакторы,,0,0,7.5896,0,0,0,0,0,0,0,0,0,0,0,,0,0,,,0,0,,,,,,,,,0,,,
16020,контактор 5вб 566.529,Контакторы,,0,0,6.388,0,0,0,0,0,0,0,0,0,0,0,,0,0,,,0,0,,,,,,,,,0,,,
16021,контактор 5вб 581.033.766,Контакторы,,0,0,4.8305,0,0,0,0,0,0,0,0,0,0,0,,0,0,,,0,0,,,,,,,,,0,,,
16022,контактор 8вб 557.575,Контакторы,,0,0,3.5211,0,0,0,0,0,0,0,0,0,0,0,,0,0,,,0,0,,,,,,,,,0,,,
16023,контактор дткс133дг,Контакторы,,0,0,13.13,0,0,0,0,0,0,0,0,0,0,0,,0,0,,,0,0,,,,,,,,,0,,,
16024,контактор квт10-400,Контакторы,,0,0,77.7,0,0,0,0,0,0,0,0,0,0,0,,0,0,,,0,0,,,,,,,,,0,,,
16025,контактор кдтв ту16.524.013.77,Контакторы,,0,0,3.63,0,0,0,0,0,0,0,0,0,0,0,,0,0,,,0,0,,,,,,,,,0,,,
16026,контактор кие020,Контакторы,,0,0,1.48876,0,0,0,0,0,0,0,0,0,0,0,,0,0,,,0,0,,,,,,,,,0,,,
16027,контактор кие030,Контакторы,,0,0,2.10008,0,0,0,0,0,0,0,0,0,0,0,,0,0,,,0,0,,,,,,,,,0,,,
16028,контактор кие120,Контакторы,,0,0,1.49106,0,0,0,0,0,0,0,0,0,0,0,,0,0,,,0,0,,,,,,,,,0,,,
16029,контактор кие130,Контакторы,,0,0,1.93896,0,0,0,0,0,0,0,0,0,0,0,,0,0,,,0,0,,,,,,,,,0,,,
16030,контактор кие2211,Контакторы,,0,0,4.21932,0,0,0,0,0,0,0,0,0,0,0,,0,0,,,0,0,,,,,,,,,0,,,
16031,контактор кие230,Контакторы,,0,0,6.01037,0,0,0,0,0,0,0,0,0,0,0,,0,0,,,0,0,,,,,,,,,0,,,
20453,сп3-19а-1 ком,Резисторы,,0,0,0.01736,0,0,0,0.00309,0,0,0,0.0001,0,0,0,,0,0,,,0,0,,,,,,,,,0,,,
20454,сп3-19а-1 мом,Резисторы,,0,0,0.01712,0,0,0,0.00268,0,0,0,0.00014,0,0,0,,0,0,,,0,0,,,,,,,,,0,,,
20455,"сп3-19а-1,5 ком",Резисторы,,0,0,0.01732,0,0,0,0.00284,0,0,0,0.00012,0,0,0,,0,0,,,0,0,,,,,,,,,0,,,
20456,сп3-19а-10 ком,Резисторы,,0,0,0.01309,0,0,0,0.00268,0,0,0,0.00014,0,0,0,,0,0,,,0,0,,,,,,,,,0,,,
20457,сп3-19а-100 ком,Резисторы,,0,0,0.01302,0,0,0,0.00268,0,0,0,0.00019,0,0,0,,0,0,,,0,0,,,,,,,,,0,,,
20458,сп3-19а-15 ком,Резисторы,,0,0,0.01308,0,0,0,0.00268,0,0,0,0.00013,0,0,0,,0,0,,,0,0,,,,,,,,,0,,,
20459,сп3-19а-150 ком,Резисторы,,0,0,0.01302,0,0,0,0.00289,0,0,0,0.00019,0,0,0,,0,0,,,0,0,,,,,,,,,0,,,
20460,"сп3-19а-2,2 ком",Резисторы,,0,0,0.01319,0,0,0,0.00278,0,0,0,0.00014,0,0,0,,0,0,,,0,0,,,,,,,,,0,,,
20461,сп3-19а-22 ком,Резисторы,,0,0,0.01307,0,0,0,0.00268,0,0,0,0.00011,0,0,0,,0,0,,,0,0,,,,,,,,,0,,,
20462,сп3-19а-220 ком,Резисторы,,0,0,0.01048,0,0,0,0.00268,0,0,0,0.00019,0,0,0,,0,0,,,0,0,,,,,,,,,0,,,
20463,"сп3-19а-3,3 ком",Резисторы,,0,0,0.01724,0,0,0,0.00273,0,0,0,0.00016,0,0,0,,0,0,,,0,0,,,,,,,,,0,,,
20464,сп3-19а-33 ком,Резисторы,,0,0,0.01306,0,0,0,0.00268,0,0,0,0.00009,0,0,0,,0,0,,,0,0,,,,,,,,,0,,,
20465,сп3-19а-330 ком,Резисторы,,0,0,0.01712,0,0,0,0.00268,0,0,0,0.00018,0,0,0,,0,0,,,0,0,,,,,,,,,0,,,
20466,сп3-19а-330 ом,Резисторы,,0,0,0.01337,0,0,0,0.00299,0,0,0,0.00006,0,0,0,,0,0,,,0,0,,,,,,,,,0,,,
20467,"сп3-19а-4,7 ком",Резисторы,,0,0,0.0131,0,0,0,0.00268,0,0,0,0.00018,0,0,0,,0,0,,,0,0,,,,,,,,,0,,,
20468,сп3-19а-47 ком,Резисторы,,0,0,0.01305,0,0,0,0.00268,0,0,0,0.00008,0,0,0,,0,0,,,0,0,,,,,,,,,0,,,
20469,сп3-19а-470 ком,Резисторы,,0,0,0.01712,0,0,0,0.00268,0,0,0,0.00017,0,0,0,,0,0,,,0,0,,,,,,,,,0,,,
20470,сп3-19а-470 ом,Резисторы,,0,0,0.01335,0,0,0,0.0032,0,0,0,0.00006,0,0,0,,0,0,,,0,0,,,,,,,,,0,,,
20471,"сп3-19а-6,8 ком",Резисторы,,0,0,0.0131,0,0,0,0.00289,0,0,0,0.00016,0,0,0,,0,0,,,0,0,,,,,,,,,0,,,
20472,сп3-19а-68 ком,Резисторы,,0,0,0.01712,0,0,0,0.00268,0,0,0,0.0002,0,0,0,,0,0,,,0,0,,,,,,,,,0,,,
50191,КУВ-11,Бронетанковая техника,Блок,0.1133,0,3.0454,0,0,0,0,0,0,0,0,0,0,0,,0,0,,,0,0,,Отраслевой перечень,,Перечень,,,,61 БТРЗ,0,,,
50192,КУВ-3,Бронетанковая техника,Блок,0,0,4.575,0,0,0,0,0,0,0,0,0,0,0,,0,0,,,0,0,,Отраслевой перечень,,Перечень,,,,61 БТРЗ,0,,,
50193,КУВ11-6-1С,Бронетанковая техника,Блок,0.1135,0,3.0591,0,0,0,0,0,0,0,0,0,0,0,,0,0,,,0,0,,Отраслевой перечень,,Перечень,,,,61 БТРЗ,0,,,
50194,Л-4А,Бронетанковая техника,Блок,0.2985,0,25.2219,0,0.2412,0,0,0,0,0,0,0,0,0,,0,0,,,0,0,,Отраслевой перечень,,Перечень,,,,61 БТРЗ,0,,,
50195,ОУ-5,Бронетанковая техника,Блок,0.2985,0,25.222,0,0,0,0,0,0,0,0,0.2412,0,0,,0,0,,,0,0,,Отраслевой перечень,,Перечень,,,,61 БТРЗ,0,,,
50196,П-13,Бронетанковая техника,Блок,0,0,0.391,0,0,0,0,0,0,0,0,0,0,0,,0,0,,,0,0,,Отраслевой перечень,,Перечень,,,,61 БТРЗ,0,,,
50197,П-3,Бронетанковая техника,Блок,0,0,4.5935,0,0,0,0,0,0,0,0,0,0,0,,0,0,,,0,0,,Отраслевой перечень,,Перечень,,,,61 БТРЗ,0,,,
50198,П11-5-2С,Бронетанковая техника,Блок,0.00205,0,0.3118,0,0,0,0,0,0,0,0,0,0,0,,0,0,,,0,0,,Отраслевой перечень,,Перечень,,,,61 БТРЗ,0,,,
50199,П2,Бронетанковая техника,Блок,3.72,0,35.194,0,0,0,0,0,0,0,0,4.36,0,0,,0,0,,,0,0,,Отраслевой перечень,,Перечень,,,,61 БТРЗ,0,,,
50200,ПАГ-1Ф,Бронетанковая техника,Блок,0,0,0.705,0,0,0,0,0,0,0,0,0,0,0,,0,0,,,0,0,,Отраслевой перечень,,Перечень,,,,61 БТРЗ,0,,,
50201,ПАС-15-2СТУ,Бронетанковая техника,Блок,0.002507,0,6.984981,0,0,0,0,0,0,0,0,0,0,0,,0,0,,,0,0,,Отраслевой перечень,,Перечень,,,,61 БТРЗ,0,,,
50202,ПД-74,Бронетанковая техника,Блок,0,0,0.9774,0,0,0,0,0,0,0,0,0,0,0,,0,0,,,0,0,,Отраслевой перечень,,Перечень,,,,61 БТРЗ,0,,,
50203,ПО-900,Бронетанковая техника,Блок,0.207,0,7.513,0,0,0,0,0,0,0,0,0,0,0,,0,0,,,0,0,,Отраслевой перечень,,Перечень,,,,61 БТРЗ,0,,,
50204,ПТ-800,Бронетанковая техника,Блок,0.1095,0,11.3489,0,0,0,0,0,0,0,0,0,0,0,,0,0,,,0,0,,Отраслевой перечень,,Перечень,,,,61 БТРЗ,0,,,
50205,ПУС-15Р,Бронетанковая техника,Блок,0.0918,0,5.6894,0,0,0,0,0,0,0,0,0,0,0,,0,0,,,0,0,,Отраслевой перечень,,Перечень,,,,61 БТРЗ,0,,,
50206,ПУС-71,Бронетанковая техника,Блок,0.0021,0,161.77,0,0,0,0,0,0,0,0,0,0,0,,0,0,,,0,0,,Отраслевой перечень,,Перечень,,,,61 БТРЗ,0,,,
50207,Р-123,Бронетанковая техника,Блок,0.194,0,36.959,0,0,0,0,0,0,0,0,0.0025,0,0,,0,0,,,0,0,,Отраслевой перечень,,Перечень,,,,61 БТРЗ,0,,,
50208,Р-123МТ,Бронетанковая техника,Блок,0.194,0,36.959,0,0,0,0,0,0,0,0,0.0025,0,0,,0,0,,,0,0,,Отраслевой перечень,,Перечень,,,,61 БТРЗ,0,,,
50209,Р-123МУ,Бронетанковая техника,Блок,0.194,0,36.959,0,0,0,0,0,0,0,0,0.0025,0,0,,0,0,,,0,0,,Отраслевой перечень,,Перечень,,,,61 БТРЗ,0,,,
50210,Р-130,Бронетанковая техника,Блок,10.492,0,53.337,0,3.963,0,0,0,0,0,0,0,0,0,,0,0,,,0,0,,Отраслевой перечень,,Перечень,,,,61 БТРЗ,0,,,
116032,ИМП,Инженерная техника,Изделие,0,0,0.8411,0,0,0,0,0,0,0,0,0,0,0,,0,0,,,0,0,,Отраслевой перечень,,Перечень,,,,в/ч 64044,0,,,
116033,МАФС-3,Инженерная техника,Изделие,0,0,11.6,0,0,0,0,0,0,0,0,0,0,0,,0,0,,,0,0,,Отраслевой перечень,,Перечень,,,,МЧС,0,,,
116034,МРИВ,Инженерная техника,Изделие,0.035,0,42.437,0,0,0,0,0,0,0,0,0,0,0,,0,0,,,0,0,,Отраслевой перечень,,Перечень,,,,МЧС,0,,,
116035,ПД-430,Инженерная техника,Изделие,1.199,0,0.45,0,0.264,0,0,0,0,0,0,0,0,0,,0,0,,,0,0,,Отраслевой перечень,,Перечень,,,,в/ч 64044,0,,,
116036,ПД-430 (учебное),Инженерная техника,Изделие,1.199,0,0.45,0,0.264,0,0,0,0,0,0,0,0,0,,0,0,,,0,0,,Отраслевой перечень,,Перечень,,,,в/ч 64044,0,,,
116037,ПД-640,Инженерная техника,Изделие,3.0212,0,4.9827,0,0.01,0,0,0,0,0,0,0.2592,0,0,,0,0,,,0,0,,Отраслевой перечень,,Перечень,,,,в/ч 64044,0,,,
116038,ПР-507,Инженерная техника,Изделие,0.81,0,1.44,0,0.042,0,0,0,0,0,0,0,0,0,,0,0,,,0,0,,Отраслевой перечень,,Перечень,,,,в/ч 64044,0,,,
116039,ДИМ-М,Инженерная техника,Искатель,0.54,0,2.393,0,0.219,0,0,0,0,0,0,0.017,0,0,,0,0,,,0,0,,Отраслевой перечень,,Перечень,,,,МЧС,0,,,
116040,ИМБ,Инженерная техника,Искатель,2.3956,0,5.30909,0,0,0,0,0,0,0,0,0,0,0,,0,0,,,0,0,,Отраслевой перечень,,Перечень,,,,в/ч 64044,0,,,
116041,ИМП-2,Инженерная техника,Искатель,0.81,0,1.44,0,0.042,0,0,0,0,0,0,0,0,0,,0,0,,,0,0,,Отраслевой перечень,,Перечень,,,,МЧС,0,,,
116042,ПР-505,Инженерная техника,Искатель,0.477,0,0.6758,0,0.0484,0,0,0,0,0,0,0,0,0,,0,0,,,0,0,,Отраслевой перечень,,Перечень,,,,МЧС,0,,,
116043,РВМ-2М,Инженерная техника,Искатель,0.209,0,2.743,0,0.012,0,0,0,0,0,0,0,0,0,,0,0,,,0,0,,Отраслевой перечень,,Перечень,,,,МЧС,0,,,
116044,АТО-3 (радио),Инженерная техника,Мастерская,14.928461,0,116.2774,0,3.6291,0,0.64373,0,0,0,0,0,0,0,,0,0,,,0,0,,"Содержание драгоценных металлов в электротехнических изделиях, аппаратуре связи, контрольно-измерительных приборах, кабельной продукции, электронной и бытовой технике. Информационный справочник в шести частях.",,справочник,"Часть 3. Аппаратура радиосвязи, телевидения и радиовещания.",2,,"ООО ""Связьоценка""",2003,,,
116045,АТО-39 АВТО,Инженерная техника,Мастерская,97.6868,0,2325.32,0,40.9,0,0,0,0,0,0,22.96,0,0,,0,0,,,0,0,,Отраслевой перечень,,Перечень,,,,в/ч 75752,0,,,
116046,АТО-УМ1 (радио),Инженерная техника,Мастерская,16.012651,0,117.8765,0,3.6911,0,0.64813,0,0,0,0,0,0,0,,0,0,,,0,0,,"Содержание драгоценных металлов в электротехнических изделиях, аппаратуре связи, контрольно-измерительных приборах, кабельной продукции, электронной и бытовой технике. Информационный справочник в шести частях.",,справочник,"Часть 3. Аппаратура радиосвязи, телевидения и радиовещания.",2,,"ООО ""Связьоценка""",2003,,,
116047,М3-М2 АВТО,Инженерная техника,Мастерская,11.63,0,194.15,0,3.9476,0,0,0,0,0,0,4.121,0,0,,0,0,,,0,0,,Отраслевой перечень,,Перечень,,,,в/ч 75752,0,,,
116048,МРС-АТ,Инженерная техника,Мастерская,0.118,0,29.81,0,0.008,0,0,0,0,0,0,0,0,0,,0,0,,,0,0,,,,,,,,,0,,,
116049,МРТП,Инженерная техника,Мастерская,0,0,121.59,0,0,0,0,0,0,0,0,0,0,0,,0,0,,,0,0,,,,,,,,,0,,,
116050,МРХТО-53,Инженерная техника,Мастерская,0,0,26.7246,0,0,0,0,0,0,0,0,0,0,0,,0,0,,,0,0,,Отраслевой перечень,,Перечень,,,,МЧС,0,,,
116051,"Плазма-2 на 1-П-2,5",Инженерная техника,Мастерская,0.03,0,5.79,0,0,0,0,0,0,0,0,0,0,0,,0,0,,,0,0,,,,,,,,,0,,,
49645,Вяз (пульт управления),Аппаратура связи,Радиостанция,0,0,3.234,0,0,0,0,0,0,0,0,0,0,0,,0,0,,,0,0,,,,,,,,,0,,,
49646,Глет-3,Аппаратура связи,Радиостанция,0,0,12.348,0,0,0,0,0,0,0,0,0,0,0,,0,0,,,0,0,,,,,,,,,0,,,
49647,Глет-Н,Аппаратура связи,Радиостанция,0,0,10.334,0,0,0,0,0,0,0,0,0,0,0,,0,0,,,0,0,,,,,,,,,0,,,
49648,Горизонт,Аппаратура связи,Радиостанция,0,0,0.04,0,0,0,0,0,0,0,0,0,0,0,,0,0,,,0,0,,,,,,,,,0,,,
49649,Гранит,Аппаратура связи,Радиостанция,0,0,30.24,0,0,0,0,0,0,0,0,0,0,0,,0,0,,,0,0,,,,,,,,,0,,,
49650,Гранит (55РТС-А2-4М),Аппаратура связи,Радиостанция,1.318091,0,5.9426496,0,5.0216,0,0,0,0,0,0,0.0091,0,0,,0,0,,,0,0,,Справочные данные,,справочник,,,,Связь-Инвест,0,,,
49651,Гранит (65РТС-А2-4М),Аппаратура связи,Радиостанция,0.2793,0,10.7224,0,3.3259,0,0,0,0,0,0,0.0091,0,0,,0,0,,,0,0,,Справочные данные,,справочник,,,,Связь-Инвест,0,,,
49652,Гранит-М,Аппаратура связи,Радиостанция,0,0,324.18,0,0,0,0,0,0,0,0,0,0,0,,0,0,,,0,0,,,,,,,,,0,,,
49653,Гроза-2С,Аппаратура связи,Радиостанция,0.5765,0,12.8271,0,0.0802,0,0,0,0,0,0,0,0,0,,0,0,,,0,0,,Справочные данные,,справочник,,,,Связь-Инвест,0,,,
49654,Грот,Аппаратура связи,Радиостанция,6.555,0,21.19,0,0,0,0,0,0,0,0,0.1,0,0,,0,0,,,0,0,,Отраслевой перечень,,Перечень,,,,Служба связи ЛенВМБ,0,,,
49655,Дельфин,Аппаратура связи,Радиостанция,0,0,8.587,0,0,0,0,0,0,0,0,0,0,0,,0,0,,,0,0,,Перечень производителя,,перечень,,,,МПСС (поставки для КГБ),0,,,
49656,Днепр,Аппаратура связи,Радиостанция,0.161,0,1.632,0,0,0,0,0,0,0,0,0,0,0,,0,0,,,0,0,,,,,,,,,0,,,
49657,Днепр 54100,Аппаратура связи,Радиостанция,0.1606776,0,0.082374,0,0,0,0,0,0,0,0,0,0,0,,0,0,,,0,0,,,,,,,,,0,,,
49658,Дубрава 12-13,Аппаратура связи,Радиостанция,0,0,935.186,0,0,0,0,0,0,0,0,0,0,0,,0,0,,,0,0,,,,,,,,,0,,,
49659,Дубрава РПУ,Аппаратура связи,Радиостанция,0,0,470.73,0,0,0,0,0,0,0,0,0,0,0,,0,0,,,0,0,,,,,,,,,0,,,
49660,Дуплекс,Аппаратура связи,Радиостанция,14,0,69.65,0,0.43,0,0,0,0,0,0,0.02,0,0,,0,0,,,0,0,,Отраслевые данные,,,,,,в/ч 52917,0,,,
49661,Залив-К,Аппаратура связи,Радиостанция,0,0,37.7,0,0,0,0,0,0,0,0,0,0,0,,0,0,,,0,0,,,,,,,,,0,,,
49662,Заря,Аппаратура связи,Радиостанция,1.395,0,20.5,0,0.09,0,0,0,0,0,0,0.15,0,0,,0,0,,,0,0,,"Содержание драгоценных металлов в электротехнических изделиях, аппаратуре связи, контрольно-измерительных приборах, кабельной продукции, электронной и бытовой технике. Информационный справочник в шести частях.",,справочник,"Часть 3. Аппаратура радиосвязи, телевидения и радиовещания.",2,,"ООО ""Связьоценка""",2003,,,
49663,Заря-А,Аппаратура связи,Радиостанция,1.427,0,20.46,0,0.091,0,0,0,0,0,0,0.151,0,0,,0,0,,,0,0,,"Содержание драгоценных металлов в электротехнических изделиях, аппаратуре связи, контрольно-измерительных приборах, кабельной продукции, электронной и бытовой технике. Информационный справочник в шести частях.",,справочник,"Часть 3. Аппаратура радиосвязи, телевидения и радиовещания.",2,,"ООО ""Связьоценка""",2003,,,
49664,Заря-Н,Аппаратура связи,Радиостанция,1.713,0,6.096,0,0.096,0,0,0,0,0,0,0.462,0,0,,0,0,,,0,0,,"Содержание драгоценных металлов в электротехнических изделиях, аппаратуре связи, контрольно-измерительных приборах, кабельной продукции, электронной и бытовой технике. Информационный справочник в шести частях.",,справочник,"Часть 3. Аппаратура радиосвязи, телевидения и радиовещания.",2,,"ООО ""Связьоценка""",2003,,,
85463,67,Радиотехническое и радиолокационное оборудование,Изделие,91.73,0,529.5,0,0,0,0,0,0,0,0,0,0,0,,0,0,,,0,0,,Отраслевой перечень,,Перечень,,,,РТУ ЛенВМБ,0,,,
85464,6701,Радиотехническое и радиолокационное оборудование,Изделие,51.7861,0,418.0884,0,2.5336,0,0,0,0,0,0,5.6635,0,0,,0,0,,,0,0,,Отраслевой перечень,,Перечень,,,,РТУ ЛенВМБ,0,,,
85465,6701-3,Радиотехническое и радиолокационное оборудование,Изделие,46.981922,0,397.57321,0,2.478153,0,0,0,0,0,0,5.2587,0,0,,0,0,,,0,0,,Отраслевой перечень,,Перечень,,,,РТУ ЛенВМБ,0,,,
85466,6702-4,Радиотехническое и радиолокационное оборудование,Изделие,28.4299,0,328.7909,0,1.8843,0,0,0,0,0,0,0.7676,0,0,,0,0,,,0,0,,Отраслевой перечень,,Перечень,,,,РТУ ЛенВМБ,0,,,
85467,6710-1,Радиотехническое и радиолокационное оборудование,Изделие,128.939,0,723.616,0,6.991,0,0,0,0,0,0,0,0,0,,0,0,,,0,0,,Отраслевой перечень,,Перечень,,,,РТУ ЛенВМБ,0,,,
85468,6730-3,Радиотехническое и радиолокационное оборудование,Изделие,143.04,0,820.56,0,8.03,0,0,0,0,0,0,0,0,0,,0,0,,,0,0,,Отраслевой перечень,,Перечень,,,,РТУ ЛенВМБ,0,,,
85469,6731-1,Радиотехническое и радиолокационное оборудование,Изделие,245.175,0,1588.5696,0,3.14124,0,0,0,0,0,0,15.0177,0,0,,0,0,,,0,0,,Отраслевой перечень,,Перечень,,,,РТУ ЛенВМБ,0,,,
85470,6731-5,Радиотехническое и радиолокационное оборудование,Изделие,81.725,0,529.52322,0,1.04708,0,0,0,0,0,0,5.0049,0,0,,0,0,,,0,0,,Отраслевой перечень,,Перечень,,,,РТУ ЛенВМБ,0,,,
85471,9Ш119М1,Радиотехническое и радиолокационное оборудование,Изделие,0.3,0,0.2966,0,0.03,0,0,0,0,0,0,0,0,0,,0,0,,,0,0,,Перечень производителя,,перечень,,,,ВНИИ Трансмаш,1989,,,
85472,"АЛА-1,5М-А1",Радиотехническое и радиолокационное оборудование,Изделие,0,0,33.6589,0,0,0,0,0,0,0,0,0,0,0,,0,0,,,0,0,,Отраслевой перечень,,Перечень,,,,РТУ ЛенВМБ,0,,,
85473,"АЛА-3,5",Радиотехническое и радиолокационное оборудование,Изделие,0,0,57.37308,0,0,0,0,0,0,0,0,0,0,0,,0,0,,,0,0,,Перечень производителя,,перечень,,,,РХБЗ ВМФ,0,,,
85474,"АЛА-3,5М-А1",Радиотехническое и радиолокационное оборудование,Изделие,0,0,67.3178,0,0,0,0,0,0,0,0,0,0,0,,0,0,,,0,0,,Отраслевой перечень,,Перечень,,,,РТУ ЛенВМБ,0,,,
85475,Алтын,Радиотехническое и радиолокационное оборудование,Изделие,3.52,0,64.7889,0,1.184,0,0,0,0,0,0,0,0,0,,0,0,,,0,0,,Отраслевой перечень,,Перечень,,,,РТУ ЛенВМБ,0,,,
85476,АМГ-10МБ,Радиотехническое и радиолокационное оборудование,Изделие,0,0,10.5,0,0,0,0,0,0,0,0,0,0,0,,0,0,,,0,0,,Отраслевой перечень,,Перечень,,,,РТУ ЛенВМБ,0,,,
85477,АМГ-2А,Радиотехническое и радиолокационное оборудование,Изделие,0,0,15.5,0,0,0,0,0,0,0,0,0,0,0,,0,0,,,0,0,,Отраслевой перечень,,Перечень,,,,РТУ ЛенВМБ,0,,,
85478,АМГ-4А,Радиотехническое и радиолокационное оборудование,Изделие,0,0,15.5,0,0,0,0,0,0,0,0,0,0,0,,0,0,,,0,0,,Отраслевой перечень,,Перечень,,,,РТУ ЛенВМБ,0,,,
85479,АРМ 04.03,Радиотехническое и радиолокационное оборудование,Изделие,303.6079,0,272.9066,0,0,0,0,0,0,0,0,0,0,0,,0,0,,,0,0,,,,,,,,,0,,,
85480,АТМИС-3,Радиотехническое и радиолокационное оборудование,Изделие,191.2713,0,922.1546,0,43.742,0,0,0,0,0,0,3.3979,0,0,,0,0,,,0,0,,Отраслевой перечень,,Перечень,,,,РТУ ЛенВМБ,0,,,
85481,АТТ-4-400,Радиотехническое и радиолокационное оборудование,Изделие,0,0,12.717,0,0,0,0,0,0,0,0,0,0,0,,0,0,,,0,0,,Перечень производителя,,перечень,,,,РХБЗ ВМФ,0,,,
85482,Бериллий,Радиотехническое и радиолокационное оборудование,Изделие,0,0,16.8,0,0,0,0,0,0,0,0,0,0,0,,0,0,,,0,0,,Отраслевой перечень,,Перечень,,,,РТУ ЛенВМБ,0,,,
95062,КПД1-508,Контрольно-измерительные приборы,Потенциометр,0.063,0,0,0,0,0,2.71,0,0,0,0,0,0,0,,0,0,,,0,0,,"Содержание драгоценных металлов в электротехнических изделиях, аппаратуре связи, контрольно-измерительных приборах, кабельной продукции, электронной и бытовой технике. Информационный справочник в шести частях.",,справочник,Часть 5. Измерительные приборы и устройства.,2,,"ООО ""Связьоценка""",2003,,,
95063,КПД1-509,Контрольно-измерительные приборы,Потенциометр,0.063,0,0,0,0,0,2.71,0,0,0,0,0,0,0,,0,0,,,0,0,,"Содержание драгоценных металлов в электротехнических изделиях, аппаратуре связи, контрольно-измерительных приборах, кабельной продукции, электронной и бытовой технике. Информационный справочник в шести частях.",,справочник,Часть 5. Измерительные приборы и устройства.,2,,"ООО ""Связьоценка""",2003,,,
95064,КПД1-510,Контрольно-измерительные приборы,Потенциометр,0.063,0,0,0,0,0,2.71,0,0,0,0,0,0,0,,0,0,,,0,0,,"Содержание драгоценных металлов в электротехнических изделиях, аппаратуре связи, контрольно-измерительных приборах, кабельной продукции, электронной и бытовой технике. Информационный справочник в шести частях.",,справочник,Часть 5. Измерительные приборы и устройства.,2,,"ООО ""Связьоценка""",2003,,,
95065,КПД1-511,Контрольно-измерительные приборы,Потенциометр,0.127,0,0,0,0,0,3.423,0,0,0,0,0,0,0,,0,0,,,0,0,,"Содержание драгоценных металлов в электротехнических изделиях, аппаратуре связи, контрольно-измерительных приборах, кабельной продукции, электронной и бытовой технике. Информационный справочник в шести частях.",,справочник,Часть 5. Измерительные приборы и устройства.,2,,"ООО ""Связьоценка""",2003,,,
95066,КПД1-512,Контрольно-измерительные приборы,Потенциометр,0.127,0,0,0,0,0,3.423,0,0,0,0,0,0,0,,0,0,,,0,0,,"Содержание драгоценных металлов в электротехнических изделиях, аппаратуре связи, контрольно-измерительных приборах, кабельной продукции, электронной и бытовой технике. Информационный справочник в шести частях.",,справочник,Часть 5. Измерительные приборы и устройства.,2,,"ООО ""Связьоценка""",2003,,,
95067,КПД1-513,Контрольно-измерительные приборы,Потенциометр,0.063,0,0,0,0,0,2.71,0,0,0,0,0,0,0,,0,0,,,0,0,,"Содержание драгоценных металлов в электротехнических изделиях, аппаратуре связи, контрольно-измерительных приборах, кабельной продукции, электронной и бытовой технике. Информационный справочник в шести частях.",,справочник,Часть 5. Измерительные приборы и устройства.,2,,"ООО ""Связьоценка""",2003,,,
95068,КПД1-514,Контрольно-измерительные приборы,Потенциометр,0.063,0,0,0,0,0,2.71,0,0,0,0,0,0,0,,0,0,,,0,0,,"Содержание драгоценных металлов в электротехнических изделиях, аппаратуре связи, контрольно-измерительных приборах, кабельной продукции, электронной и бытовой технике. Информационный справочник в шести частях.",,справочник,Часть 5. Измерительные приборы и устройства.,2,,"ООО ""Связьоценка""",2003,,,
95069,КПД1-515,Контрольно-измерительные приборы,Потенциометр,0.063,0,0,0,0,0,2.71,0,0,0,0,0,0,0,,0,0,,,0,0,,"Содержание драгоценных металлов в электротехнических изделиях, аппаратуре связи, контрольно-измерительных приборах, кабельной продукции, электронной и бытовой технике. Информационный справочник в шести частях.",,справочник,Часть 5. Измерительные приборы и устройства.,2,,"ООО ""Связьоценка""",2003,,,
95070,КПД1-516,Контрольно-измерительные приборы,Потенциометр,0.063,0,0,0,0,0,2.71,0,0,0,0,0,0,0,,0,0,,,0,0,,"Содержание драгоценных металлов в электротехнических изделиях, аппаратуре связи, контрольно-измерительных приборах, кабельной продукции, электронной и бытовой технике. Информационный справочник в шести частях.",,справочник,Часть 5. Измерительные приборы и устройства.,2,,"ООО ""Связьоценка""",2003,,,
95071,КПД1-517,Контрольно-измерительные приборы,Потенциометр,0,0,0,0,0,0,0.001,0,0,0,0,0,0,0,,0,0,,,0,0,,"Содержание драгоценных металлов в электротехнических изделиях, аппаратуре связи, контрольно-измерительных приборах, кабельной продукции, электронной и бытовой технике. Информационный справочник в шести частях.",,справочник,Часть 5. Измерительные приборы и устройства.,2,,"ООО ""Связьоценка""",2003,,,
95072,КПД1-518,Контрольно-измерительные приборы,Потенциометр,0,0,0,0,0,0,0.001,0,0,0,0,0,0,0,,0,0,,,0,0,,"Содержание драгоценных металлов в электротехнических изделиях, аппаратуре связи, контрольно-измерительных приборах, кабельной продукции, электронной и бытовой технике. Информационный справочник в шести частях.",,справочник,Часть 5. Измерительные приборы и устройства.,2,,"ООО ""Связьоценка""",2003,,,
95073,КПД1-519,Контрольно-измерительные приборы,Потенциометр,0.063,0,0,0,0,0,2.71,0,0,0,0,0,0,0,,0,0,,,0,0,,"Содержание драгоценных металлов в электротехнических изделиях, аппаратуре связи, контрольно-измерительных приборах, кабельной продукции, электронной и бытовой технике. Информационный справочник в шести частях.",,справочник,Часть 5. Измерительные приборы и устройства.,2,,"ООО ""Связьоценка""",2003,,,
95074,КПД1-520,Контрольно-измерительные приборы,Потенциометр,0.063,0,0,0,0,0,2.71,0,0,0,0,0,0,0,,0,0,,,0,0,,"Содержание драгоценных металлов в электротехнических изделиях, аппаратуре связи, контрольно-измерительных приборах, кабельной продукции, электронной и бытовой технике. Информационный справочник в шести частях.",,справочник,Часть 5. Измерительные приборы и устройства.,2,,"ООО ""Связьоценка""",2003,,,
95075,КПД1-521,Контрольно-измерительные приборы,Потенциометр,0.19,0,0,0,0,0,6.38,0,0,0,0,0,0,0,,0,0,,,0,0,,"Содержание драгоценных металлов в электротехнических изделиях, аппаратуре связи, контрольно-измерительных приборах, кабельной продукции, электронной и бытовой технике. Информационный справочник в шести частях.",,справочник,Часть 5. Измерительные приборы и устройства.,2,,"ООО ""Связьоценка""",2003,,,
95076,КПД1-522,Контрольно-измерительные приборы,Потенциометр,0.19,0,0,0,0,0,6.38,0,0,0,0,0,0,0,,0,0,,,0,0,,"Содержание драгоценных металлов в электротехнических изделиях, аппаратуре связи, контрольно-измерительных приборах, кабельной продукции, электронной и бытовой технике. Информационный справочник в шести частях.",,справочник,Часть 5. Измерительные приборы и устройства.,2,,"ООО ""Связьоценка""",2003,,,
95077,КПД1-523,Контрольно-измерительные приборы,Потенциометр,0.19,0,0,0,0,0,6.38,0,0,0,0,0,0,0,,0,0,,,0,0,,"Содержание драгоценных металлов в электротехнических изделиях, аппаратуре связи, контрольно-измерительных приборах, кабельной продукции, электронной и бытовой технике. Информационный справочник в шести частях.",,справочник,Часть 5. Измерительные приборы и устройства.,2,,"ООО ""Связьоценка""",2003,,,
95078,КПД1-524,Контрольно-измерительные приборы,Потенциометр,0.19,0,0,0,0,0,6.38,0,0,0,0,0,0,0,,0,0,,,0,0,,"Содержание драгоценных металлов в электротехнических изделиях, аппаратуре связи, контрольно-измерительных приборах, кабельной продукции, электронной и бытовой технике. Информационный справочник в шести частях.",,справочник,Часть 5. Измерительные приборы и устройства.,2,,"ООО ""Связьоценка""",2003,,,
95079,КПД1-525,Контрольно-измерительные приборы,Потенциометр,0.19,0,0,0,0,0,3.42,0,0,0,0,0,0,0,,0,0,,,0,0,,"Содержание драгоценных металлов в электротехнических изделиях, аппаратуре связи, контрольно-измерительных приборах, кабельной продукции, электронной и бытовой технике. Информационный справочник в шести частях.",,справочник,Часть 5. Измерительные приборы и устройства.,2,,"ООО ""Связьоценка""",2003,,,
95080,КПД1-526,Контрольно-измерительные приборы,Потенциометр,0.19,0,0,0,0,0,3.42,0,0,0,0,0,0,0,,0,0,,,0,0,,"Содержание драгоценных металлов в электротехнических изделиях, аппаратуре связи, контрольно-измерительных приборах, кабельной продукции, электронной и бытовой технике. Информационный справочник в шести частях.",,справочник,Часть 5. Измерительные приборы и устройства.,2,,"ООО ""Связьоценка""",2003,,,
95081,КПД1-527,Контрольно-измерительные приборы,Потенциометр,0.19,0,0,0,0,0,8.04,0,0,0,0,0,0,0,,0,0,,,0,0,,"Содержание драгоценных металлов в электротехнических изделиях, аппаратуре связи, контрольно-измерительных приборах, кабельной продукции, электронной и бытовой технике. Информационный справочник в шести частях.",,справочник,Часть 5. Измерительные приборы и устройства.,2,,"ООО ""Связьоценка""",2003,,,
63842,ШР32ПК4ЭГ14,Комплектующие и радиодетали,Соединитель электрический (разъем),0,0,0.264,0,0,0,0,0,0,0,0,0,0,0,,0,0,,,0,0,,,,,,,,,0,,,
63843,ШР32ПК4ЭГ14 (розетка),Комплектующие и радиодетали,Соединитель электрический (разъем),0,0,0.2856623377,0,0,0,0,0,0,0,0,0,0,0,,0,0,,,0,0,,Справочные данные,,справочник,,,,Связь-Инвест,0,,,
63844,ШР32ПК4ЭГ14 Р,Комплектующие и радиодетали,Соединитель электрический (разъем),0,0,0.2641899,0,0,0,0,0,0,0,0,0,0,0,,0,0,,,0,0,,,,,,,,,0,,,
63845,ШР32ПК4ЭШ14,Комплектующие и радиодетали,Соединитель электрический (разъем),0,0,0.12611,0,0,0,0,0,0,0,0,0,0,0,,0,0,,,0,0,,,,,,,,,0,,,
63846,ШР32ПК8НГ2,Комплектующие и радиодетали,Соединитель электрический (разъем),0,0,0.30096,0,0,0,0,0,0,0,0,0,0,0,,0,0,,,0,0,,,,,,,,,0,,,
63847,ШР32ПК8НГ2 (розетка),Комплектующие и радиодетали,Соединитель электрический (разъем),0,0,0.32195,0,0,0,0,0,0,0,0,0,0,0,,0,0,,,0,0,,Справочные данные,,справочник,,,,,0,,,
63848,ШР32ПК8НГ3 (розетка),Комплектующие и радиодетали,Соединитель электрический (разъем),0,0,0.30096,0,0,0,0,0,0,0,0,0,0,0,,0,0,,,0,0,,Справочные данные,,справочник,,,,,0,,,
63849,ШР32ПК8НШ18 (вилка),Комплектующие и радиодетали,Соединитель электрический (разъем),0,0,0.1536,0,0,0,0,0,0,0,0,0,0,0,,0,0,,,0,0,,Справочные данные,,справочник,,,,,0,,,
63850,ШР32ПК8НШ2,Комплектующие и радиодетали,Соединитель электрический (разъем),0,0,0.03851,0,0,0,0,0,0,0,0,0,0,0,,0,0,,,0,0,,,,,,,,,0,,,
63851,ШР32ПК8НШ2 (вилка),Комплектующие и радиодетали,Соединитель электрический (разъем),0,0,0.3851,0,0,0,0,0,0,0,0,0,0,0,,0,0,,,0,0,,Справочные данные,,справочник,,,,,0,,,
63852,ШР32ПК8НШ3,Комплектующие и радиодетали,Соединитель электрический (разъем),0,0,0.0675,0,0,0,0,0,0,0,0,0,0,0,,0,0,,,0,0,,,,,,,,,0,,,
63853,ШР32ПК8НШ3 (вилка),Комплектующие и радиодетали,Соединитель электрический (разъем),0,0,0.0675,0,0,0,0,0,0,0,0,0,0,0,,0,0,,,0,0,,Справочные данные,,справочник,,,,,0,,,
63854,ШР32ПК8ЭГ2,Комплектующие и радиодетали,Соединитель электрический (разъем),0,0,0.298,0,0,0,0,0,0,0,0,0,0,0,,0,0,,,0,0,,,,,,,,,0,,,
63855,ШР32ПК8ЭГ2 (розетка),Комплектующие и радиодетали,Соединитель электрический (разъем),0,0,0.3219480519,0,0,0,0,0,0,0,0,0,0,0,,0,0,,,0,0,,Справочные данные,,справочник,,,,Связь-Инвест,0,,,
63856,ШР32ПК8ЭГ2 Р,Комплектующие и радиодетали,Соединитель электрический (разъем),0,0,0.2979423,0,0,0,0,0,0,0,0,0,0,0,,0,0,,,0,0,,,,,,,,,0,,,
63857,ШР32ПК8ЭГ3,Комплектующие и радиодетали,Соединитель электрический (разъем),0,0,0.278,0,0,0,0,0,0,0,0,0,0,0,,0,0,,,0,0,,,,,,,,,0,,,
63858,ШР32ПК8ЭГ3 (розетка),Комплектующие и радиодетали,Соединитель электрический (разъем),0,0,0.300961039,0,0,0,0,0,0,0,0,0,0,0,,0,0,,,0,0,,Справочные данные,,справочник,,,,Связь-Инвест,0,,,
63859,ШР32ПК8ЭГ3 Р,Комплектующие и радиодетали,Соединитель электрический (разъем),0,0,0.2783591,0,0,0,0,0,0,0,0,0,0,0,,0,0,,,0,0,,,,,,,,,0,,,
63860,ШР32ПК8ЭШ18 (вилка),Комплектующие и радиодетали,Соединитель электрический (разъем),0,0,0.1536,0,0,0,0,0,0,0,0,0,0,0,,0,0,,,0,0,,Справочные данные,,справочник,,,,,0,,,
63861,ШР32ПК8ЭШ2,Комплектующие и радиодетали,Соединитель электрический (разъем),0,0,0.03851,0,0,0,0,0,0,0,0,0,0,0,,0,0,,,0,0,,,,,,,,,0,,,
52739,Гиала-303,Бытовая техника и электроаппаратура,Радиоприемник,0.076,0,0.914,0,0,0,0,0,0,0,0,0,0,0,,0,0,,,0,0,,,,,,,,,0,,,
52740,Гиала-410,Бытовая техника и электроаппаратура,Радиоприемник,0.011,0,0.503,0,0,0,0,0,0,0,0,0,0,0,,0,0,,,0,0,,,,,,,,,0,,,
52741,ГР-16 (громкоговоритель),Бытовая техника и электроаппаратура,Радиоприемник,0.025067,0,0,0,0,0,0,0,0,0,0,0,0,0,,0,0,,,0,0,,"Содержание драгоценных металлов в электротехнических изделиях, аппаратуре связи, контрольно-измерительных приборах, кабельной продукции, электронной и бытовой технике. Информационный справочник в шести частях.",,справочник,Часть 6. Электронная и  бытовая  техника.,2,,"ООО ""Связьоценка""",2003,,,
52742,ГР-3 (громкоговоритель),Бытовая техника и электроаппаратура,Радиоприемник,0,0,0.3265,0,0,0,0,0,0,0,0,0,0,0,,0,0,,,0,0,,"Содержание драгоценных металлов в электротехнических изделиях, аппаратуре связи, контрольно-измерительных приборах, кабельной продукции, электронной и бытовой технике. Информационный справочник в шести частях.",,справочник,Часть 6. Электронная и  бытовая  техника.,2,,"ООО ""Связьоценка""",2003,,,
52743,ГР-6Д (громкоговоритель),Бытовая техника и электроаппаратура,Радиоприемник,0,0,0.50215,0,0,0,0,0,0,0,0,0,0,0,,0,0,,,0,0,,"Содержание драгоценных металлов в электротехнических изделиях, аппаратуре связи, контрольно-измерительных приборах, кабельной продукции, электронной и бытовой технике. Информационный справочник в шести частях.",,справочник,Часть 6. Электронная и  бытовая  техника.,2,,"ООО ""Связьоценка""",2003,,,
52744,ГР-9 (громкоговоритель),Бытовая техника и электроаппаратура,Радиоприемник,0,0,0.019479,0,0,0,0,0,0,0,0,0,0,0,,0,0,,,0,0,,"Содержание драгоценных металлов в электротехнических изделиях, аппаратуре связи, контрольно-измерительных приборах, кабельной продукции, электронной и бытовой технике. Информационный справочник в шести частях.",,справочник,Часть 6. Электронная и  бытовая  техника.,2,,"ООО ""Связьоценка""",2003,,,
52745,Ермак,Бытовая техника и электроаппаратура,Радиоприемник,0.0003,0,0.1794,0,0,0,0,0,0,0,0,0,0,0,,0,0,,,0,0,,"Содержание драгоценных металлов в электротехнических изделиях, аппаратуре связи, контрольно-измерительных приборах, кабельной продукции, электронной и бытовой технике. Информационный справочник в шести частях.",,справочник,Часть 6. Электронная и  бытовая  техника.,2,,"ООО ""Связьоценка""",2003,,,
52746,Илга-301-1,Бытовая техника и электроаппаратура,Радиоприемник,0.005,0,1.587,0,0,0,0,0,0,0,0,0,0,0,,0,0,,,0,0,,,,,,,,,0,,,
52747,Ишим 003,Бытовая техника и электроаппаратура,Радиоприемник,0.1755,0,1.935,0,0,0,0,0,0,0,0,0,0,0,,0,0,,,0,0,,"Содержание драгоценных металлов в электротехнических изделиях, аппаратуре связи, контрольно-измерительных приборах, кабельной продукции, электронной и бытовой технике. Информационный справочник в шести частях.",,справочник,Часть 6. Электронная и  бытовая  техника.,2,,"ООО ""Связьоценка""",2003,,,
52748,Казахстан-101 стерео,Бытовая техника и электроаппаратура,Радиоприемник,0.54,0,4.54,0,0,0,0,0,0,0,0,0.02,0,0,,0,0,,,0,0,,,,,,,,,0,,Палладий,
52749,КПП-2 Блок,Бытовая техника и электроаппаратура,Радиоприемник,0,0,0.069,0,0,0,0,0,0,0,0,0,0,0,,0,0,,,0,0,,,,,,,,,0,,,
52750,КЭМЗ РП-201,Бытовая техника и электроаппаратура,Радиоприемник,0.001735,0,0.11263,0,0.00937,0,0,0,0,0,0,0,0,0,,0,0,,,0,0,,"Содержание драгоценных металлов в электротехнических изделиях, аппаратуре связи, контрольно-измерительных приборах, кабельной продукции, электронной и бытовой технике. Информационный справочник в шести частях.",,справочник,Часть 6. Электронная и  бытовая  техника.,2,,"ООО ""Связьоценка""",2003,,,
52751,КЭМЗ РП-201-1,Бытовая техника и электроаппаратура,Радиоприемник,0,0,0.112363,0,0.00937,0,0,0,0,0,0,0,0,0,,0,0,,,0,0,,"Содержание драгоценных металлов в электротехнических изделиях, аппаратуре связи, контрольно-измерительных приборах, кабельной продукции, электронной и бытовой технике. Информационный справочник в шести частях.",,справочник,Часть 6. Электронная и  бытовая  техника.,2,,"ООО ""Связьоценка""",2003,,,
52752,КЭМЗ РП-201-2,Бытовая техника и электроаппаратура,Радиоприемник,0.0013,0,0.11593,0,0.00937,0,0,0,0,0,0,0,0,0,,0,0,,,0,0,,"Содержание драгоценных металлов в электротехнических изделиях, аппаратуре связи, контрольно-измерительных приборах, кабельной продукции, электронной и бытовой технике. Информационный справочник в шести частях.",,справочник,Часть 6. Электронная и  бытовая  техника.,2,,"ООО ""Связьоценка""",2003,,,
52753,КЭМЗ РП-201-3,Бытовая техника и электроаппаратура,Радиоприемник,0,0,0.08,0,0.00562,0,0,0,0,0,0,0,0,0,,0,0,,,0,0,,"Содержание драгоценных металлов в электротехнических изделиях, аппаратуре связи, контрольно-измерительных приборах, кабельной продукции, электронной и бытовой технике. Информационный справочник в шести частях.",,справочник,Часть 6. Электронная и  бытовая  техника.,2,,"ООО ""Связьоценка""",2003,,,
52754,Маяк (3-х программный),Бытовая техника и электроаппаратура,Радиоприемник,0.021,0,0.598,0,0,0,0,0,0,0,0,0,0,0,,0,0,,,0,0,,,,,,,,,0,,,
52755,Маяк-2,Бытовая техника и электроаппаратура,Радиоприемник,0.0173,0,1.4382,0,0.003,0,0,0,0,0,0,0.01,0,0,,0,0,,,0,0,,"Справочника по содержанию драгоценных металлов в комплектующих, узлах и деталях электронной промышленности, изделиях и кинофото-материалах.",,справочник,,,,Главное управление воспитательной работы ВС РФ,1998,,,
52756,Маяк-204,Бытовая техника и электроаппаратура,Радиоприемник,0.002,0,0.139,0,0,0,0,0,0,0,0,0,0,0,,0,0,,,0,0,,,,,,,,,0,,,
52757,Меркурий-210 (ДУЦ2.021.002),Бытовая техника и электроаппаратура,Радиоприемник,0.8480011,0,0.718011,0,0.0118448,0,0.0210207,0,0,0,0.0004587,0,0,0,,0,0,,,0,0,,"Содержание драгоценных металлов в электротехнических изделиях, аппаратуре связи, контрольно-измерительных приборах, кабельной продукции, электронной и бытовой технике. Информационный справочник в шести частях.",,справочник,"Часть 3. Аппаратура радиосвязи, телевидения и радиовещания.",2,,"ООО ""Связьоценка""",2003,,,
52758,Меркурий-210 (ДУЦ2.021.004),Бытовая техника и электроаппаратура,Радиоприемник,0.77643,0,0.588542,0,0.000003912,0,0.04763155,0,0,0,0.001582,0,0,0,,0,0,,,0,0,,"Содержание драгоценных металлов в электротехнических изделиях, аппаратуре связи, контрольно-измерительных приборах, кабельной продукции, электронной и бытовой технике. Информационный справочник в шести частях.",,справочник,"Часть 3. Аппаратура радиосвязи, телевидения и радиовещания.",2,,"ООО ""Связьоценка""",2003,,,
75768,"ДПР-32-Ф6-26 (231606) с PC 10301 (""Момент"")",Энергетическое оборудование,Электродвигатель,0.044,0,0.31,0,0,0,0.0172,0,0,0,0,0,0,0,,0,0,,,0,0,,"Содержание драгоценных металлов в электротехнических изделиях, аппаратуре связи, контрольно-измерительных приборах, кабельной продукции, электронной и бытовой технике. Информационный справочник в шести частях.",,справочник,Часть 4. Электротехническое оборудование и кабельная продукция.,2,,"ООО ""Связьоценка""",2003,,,
75769,"ДПР-32-Ф6-26 (231606) с РС 10301 (""Момент"")",Энергетическое оборудование,Электродвигатель,0.044,0,0.31,0,0,0,0,0,0,0,0,0.0172,0,0,,0,0,,,0,0,,Справочные данные,,справочник,Часть 4,,,Связь-Инвест,2001,,,
75770,ДПР-32-Ф6-26(231606) С РС10301,Энергетическое оборудование,Электродвигатель,0.044,0,0.31,0,0,0,0,0,0,0,0,0.0172,0,0,,0,0,,,0,0,,Справочные данные,,справочник,,,,,0,,,
75771,ДПР-4 16 ВТ.ОСТ16 0.515.078-86,Энергетическое оборудование,Электродвигатель,0,0,0.067,0,0,0,0,0,0,0,0,0.26,0,0,,0,0,,,0,0,,Справочные данные,,справочник,,,,,0,,,
75772,ДПР-4 40 ВТ.ОСТ16 0.515.078-86,Энергетическое оборудование,Электродвигатель,0,0,0.08,0,0,0,0,0,0,0,0,0.037,0,0,,0,0,,,0,0,,Справочные данные,,справочник,,,,,0,,,
75773,ДПР-4 60 ВТ.ОСТ16 0.515.078-86,Энергетическое оборудование,Электродвигатель,0,0,0.12,0,0,0,0,0,0,0,0,0.59,0,0,,0,0,,,0,0,,Справочные данные,,справочник,,,,,0,,,
75774,ДПР-4 90 ВТ.ОСТ16 0.515.078-86,Энергетическое оборудование,Электродвигатель,0,0,0.12,0,0,0,0,0,0,0,0,0.52,0,0,,0,0,,,0,0,,Справочные данные,,справочник,,,,,0,,,
75775,ДПР-42,Энергетическое оборудование,Электродвигатель,0,0,0.01,0,0,0,0,0,0,0,0,0.0074,0,0,,0,0,,,0,0,,Справочные данные,,справочник,Часть 4,,,Связь-Инвест,2001,,,
75776,"ДПР-42 (Н1 ,Н2,Н6,Ф 1 -02.Ф2)",Энергетическое оборудование,Электродвигатель,0,0,0.01,0,0,0,0.0074,0,0,0,0,0,0,0,,0,0,,,0,0,,"Содержание драгоценных металлов в электротехнических изделиях, аппаратуре связи, контрольно-измерительных приборах, кабельной продукции, электронной и бытовой технике. Информационный справочник в шести частях.",,справочник,Часть 4. Электротехническое оборудование и кабельная продукция.,2,,"ООО ""Связьоценка""",2003,,,
75777,ДПР-42 Н1,Энергетическое оборудование,Электродвигатель,0,0,0.01,0,0,0,0,0,0,0,0,0.0074,0,0,,0,0,,,0,0,,Справочные данные,,справочник,Часть 4,,,Связь-Инвест,2001,,,
75778,ДПР-42 Н2,Энергетическое оборудование,Электродвигатель,0,0,0.01,0,0,0,0,0,0,0,0,0.0074,0,0,,0,0,,,0,0,,Справочные данные,,справочник,Часть 4,,,Связь-Инвест,2001,,,
75779,ДПР-42 Н51Ф5,Энергетическое оборудование,Электродвигатель,0,0,0.05,0,0,0,0,0,0,0,0,0.0694,0,0,,0,0,,,0,0,,Справочные данные,,справочник,Часть 4,,,Связь-Инвест,2001,,,
75780,ДПР-42 Н6,Энергетическое оборудование,Электродвигатель,0,0,0.01,0,0,0,0,0,0,0,0,0.0074,0,0,,0,0,,,0,0,,Справочные данные,,справочник,Часть 4,,,Связь-Инвест,2001,,,
75781,ДПР-42 Н9/Ф9-21,Энергетическое оборудование,Электродвигатель,0,0,0.05,0,0,0,0,0,0,0,0,0.0694,0,0,,0,0,,,0,0,,Справочные данные,,справочник,Часть 4,,,Связь-Инвест,2001,,,
75782,ДПР-42 Ф1-02,Энергетическое оборудование,Электродвигатель,0,0,0.01,0,0,0,0,0,0,0,0,0.0074,0,0,,0,0,,,0,0,,Справочные данные,,справочник,Часть 4,,,Связь-Инвест,2001,,,
75783,ДПР-42 Ф2,Энергетическое оборудование,Электродвигатель,0,0,0.01,0,0,0,0,0,0,0,0,0.0074,0,0,,0,0,,,0,0,,Справочные данные,,справочник,Часть 4,,,Связь-Инвест,2001,,,
75784,"ДПР-42,52,62,72(Н51Ф5; Н9/Ф9-21)",Энергетическое оборудование,Электродвигатель,0,0,0.05,0,0,0,0.0694,0,0,0,0,0,0,0,,0,0,,,0,0,,"Содержание драгоценных металлов в электротехнических изделиях, аппаратуре связи, контрольно-измерительных приборах, кабельной продукции, электронной и бытовой технике. Информационный справочник в шести частях.",,справочник,Часть 4. Электротехническое оборудование и кабельная продукция.,2,,"ООО ""Связьоценка""",2003,,,
75785,ДПР-42-Н1 ОСТ16 0.515.007-74,Энергетическое оборудование,Электродвигатель,0,0,0.01,0,0,0,0,0,0,0,0,0.0074,0,0,,0,0,,,0,0,,Справочные данные,,справочник,,,,,0,,,
75786,ДПР-42-Н1-03,Энергетическое оборудование,Электродвигатель,0,0,0.0246,0,0,0,0,0,0,0,0,0,0,0,,0,0,,,0,0,,,,,,,,,0,,,
75787,ДПР-42-Н1-03П,Энергетическое оборудование,Электродвигатель,0,0,0.12,0,0,0,0.0694,0,0,0,0,0,0,0,,0,0,,,0,0,,"Содержание драгоценных металлов в электротехнических изделиях, аппаратуре связи, контрольно-измерительных приборах, кабельной продукции, электронной и бытовой технике. Информационный справочник в шести частях.",,справочник,Часть 4. Электротехническое оборудование и кабельная продукция.,2,,"ООО ""Связьоценка""",2003,,,
103821,Бриг 24-1-2р,Аппаратура связи,Аппаратура связи,1.85,0,29.5,0,0.18,0,0,0,0,0,0,0,0,0,,0,0,,,0,0,,"Перечень приборов, элементов, деталей и узлов аппаратуры связи,  содержащих драгоценные металлы.",,перечень,,,,МО СССР,1979,,,
103822,БСПСКС (КПБКС),Аппаратура связи,Аппаратура связи,0.01372,0,14.66394,0,0,0,0,0,0,0,0,0,0,0,,0,0,,,0,0,,"Содержание драгоценных металлов в электротехнических изделиях, аппаратуре связи, контрольно-измерительных приборах, кабельной продукции, электронной и бытовой технике. Информационный справочник в шести частях.",,справочник,Часть 2. Аппаратура проводной связи.,2,,"ООО ""Связьоценка""",2003,,,
103823,БУК-Д с ВУ,Аппаратура связи,Аппаратура связи,6.658,0,1.541,0,0,0,0,0,0,0,0,0.752,0,0,,0,0,,,0,0,,"Перечень приборов и оборудования, содержащих металлы.РД 52.19.282-90",,перечень,,,,,1990,,,
103824,ВА 049,Аппаратура связи,Аппаратура связи,0,0,0,0,0,0,0,0,0,0,0,0,0,0,,0,0,,,0,0,,,,,,,,,0,,,
103825,ВПЭУ,Аппаратура связи,Аппаратура связи,0.21509315,0,0.75088564,0,0,0,0.17038,0,0,0,0,0,0,0,,0,0,,,0,0,,"Содержание драгоценных металлов в электротехнических изделиях, аппаратуре связи, контрольно-измерительных приборах, кабельной продукции, электронной и бытовой технике. Информационный справочник в шести частях.",,справочник,Часть 2. Аппаратура проводной связи.,2,,"ООО ""Связьоценка""",2003,,,
103826,ВСТ-3БС,Аппаратура связи,Аппаратура связи,0,0,21.8361,0,0,0,0,0,0,0,0,0,0,0,,0,0,,,0,0,,"Перечень приборов, элементов, деталей и узлов аппаратуры связи,  содержащих драгоценные металлы.",,перечень,,,,МО СССР,1979,,,
103827,ВУС 320/30,Аппаратура связи,Аппаратура связи,0,0,2.93,0,0,0,0,0,0,0,0,0,0,0,,0,0,,,0,0,,"Перечень приборов, элементов, деталей и узлов аппаратуры связи,  содержащих драгоценные металлы.",,перечень,,,,МО СССР,1979,,,
103828,ВУС 36/60,Аппаратура связи,Аппаратура связи,0,0,2.93,0,0,0,0,0,0,0,0,0,0,0,,0,0,,,0,0,,"Перечень приборов, элементов, деталей и узлов аппаратуры связи,  содержащих драгоценные металлы.",,перечень,,,,МО СССР,1979,,,
103829,ВУС 90/25,Аппаратура связи,Аппаратура связи,0,0,4.494,0,0,0,0,0,0,0,0,0,0,0,,0,0,,,0,0,,"Перечень приборов, элементов, деталей и узлов аппаратуры связи,  содержащих драгоценные металлы.",,перечень,,,,МО СССР,1979,,,
103830,ВУС-36к250,Аппаратура связи,Аппаратура связи,0,0,22.9542,0,0,0,0,0,0,0,0,0,0,0,,0,0,,,0,0,,"Перечень приборов, элементов, деталей и узлов аппаратуры связи,  содержащих драгоценные металлы.",,перечень,,,,МО СССР,1979,,,
103831,ГГС ДА-1,Аппаратура связи,Аппаратура связи,0.44,0,5.94,0,0.06,0,0,0,0,0,0,0.26,0,0,,0,0,,,0,0,,"Перечень приборов, элементов, деталей и узлов аппаратуры связи,  содержащих драгоценные металлы.",,перечень,,,,МО СССР,1979,,,
103832,Гранит-15,Аппаратура связи,Аппаратура связи,1.1976142,0,7.7072802,0,0,0,0,0,0,0,0,0,0,0,,0,0,,,0,0,,"Перечень приборов, элементов, деталей и узлов аппаратуры связи,  содержащих драгоценные металлы.",,перечень,,,,МО СССР,1979,,,
103833,Гранит-40М,Аппаратура связи,Аппаратура связи,112.812,0,124.812,0,1.172,0,0,0,0,0,0,2.23,0,0,,0,0,,,0,0,,Отраслевые данные,,,,,,в/ч 52917,0,,,
103834,Гранит-5,Аппаратура связи,Аппаратура связи,0.2886664,0,0.8575808,0,0.0506092,0,0,0,0,0,0,0,0,0,,0,0,,,0,0,,"Перечень приборов, элементов, деталей и узлов аппаратуры связи,  содержащих драгоценные металлы.",,перечень,,,,МО СССР,1979,,,
103835,Гранит-8,Аппаратура связи,Аппаратура связи,0.0001304,0,0.0937604,0,0.1171616,0,0,0,0,0,0,0,0,0,,0,0,,,0,0,,"Перечень приборов, элементов, деталей и узлов аппаратуры связи,  содержащих драгоценные металлы.",,перечень,,,,МО СССР,1979,,,
103836,Гранит-П-20М,Аппаратура связи,Аппаратура связи,96.022,0,113.185,0,0.732,0,0,0,0,0,0,2.216,0,0,,0,0,,,0,0,,"Перечень приборов, элементов, деталей и узлов аппаратуры связи,  содержащих драгоценные металлы.",,перечень,,,,МО СССР,1979,,,
103837,Гранит-П-40М,Аппаратура связи,Аппаратура связи,112.812,0,124.812,0,1.172,0,0,0,0,0,0,2.23,0,0,,0,0,,,0,0,,"Перечень приборов, элементов, деталей и узлов аппаратуры связи,  содержащих драгоценные металлы.",,перечень,,,,МО СССР,1979,,,
103838,Д-23,Аппаратура связи,Аппаратура связи,1.47413,0,496.6356,0,0.016,0,0,0,0,0,0,0.03196,0,0,,0,0,,,0,0,,,,,,,,,0,,,
103839,Д-24,Аппаратура связи,Аппаратура связи,14.7456,0,112.4132,0,0,0,0,0,0,0,0,5.716,0,0,,0,0,,,0,0,,,,,,,,,0,,,
103840,ДУ-УКК,Аппаратура связи,Аппаратура связи,9.37,0,18.48,0,0.3,0,0,0,0,0,0,0.31,0,0,,0,0,,,0,0,,Отраслевые данные,,,,,,в/ч 52917,0,,,
85334,Г-2000-3,Подъемно-транспортное оборудование,Лифт,0,0,147.963,0,0,0,0,0,0,0,0,0,0,0,,0,0,,,0,0,,Паспорт изготовителя,,паспорт,,,,,1978,,,
85335,Г-3200-3,Подъемно-транспортное оборудование,Лифт,0,0,147.98,0,0,0,0,0,0,0,0,0,0,0,,0,0,,,0,0,,Паспорт изготовителя,,паспорт,,,,,1985,,,
85336,Г-3200-4,Подъемно-транспортное оборудование,Лифт,0,0,155.7418,0,0,0,0,0,0,0,0,0,0,0,,0,0,,,0,0,,Паспорт изготовителя,,паспорт,,,,,1989,,,
85337,Г/П-2000-5,Подъемно-транспортное оборудование,Лифт,0,0,208.9307,0,0,0,0,0,0,0,0,0,0,0,,0,0,,,0,0,,Паспорт изготовителя,,паспорт,,,,,1967,,,
85338,Г/П-500-4,Подъемно-транспортное оборудование,Лифт,0,0,155.74,0,0,0,0,0,0,0,0,0,0,0,,0,0,,,0,0,,Паспорт изготовителя,,паспорт,,,,,1980,,,
85339,П-1000-6,Подъемно-транспортное оборудование,Лифт,0.299,0,312.77,0,0,0,0,0,0,0,0,0,0,0,,0,0,,,0,0,,Паспорт изготовителя,,паспорт,,,,,1983,,,
85340,П-1000-8,Подъемно-транспортное оборудование,Лифт,0.1976,0,360.1827,0,0,0,0,0,0,0,0,0,0,0,,0,0,,,0,0,,Паспорт изготовителя,,паспорт,,,,,1989,,,
85341,П-1000-9,Подъемно-транспортное оборудование,Лифт,0.1976,0,258.7909,0,0,0,0,0,0,0,0,0,0,0,,0,0,,,0,0,,Паспорт изготовителя,,паспорт,,,,,1989,,,
85342,П-320-4,Подъемно-транспортное оборудование,Лифт,0.00988,0,248.367,0,0,0,0,0,0,0,0,0,0,0,,0,0,,,0,0,,Паспорт изготовителя,,паспорт,,,,,1983,,,
85343,П-500-3,Подъемно-транспортное оборудование,Лифт,0.1579,0,240.739,0,0,0,0,0,0,0,0,0,0,0,,0,0,,,0,0,,Паспорт изготовителя,,паспорт,,,,,1983,,,
85344,П-500-4,Подъемно-транспортное оборудование,Лифт,0.1599,0,242.6133,0,0,0,0,0,0,0,0,0,0,0,,0,0,,,0,0,,Паспорт изготовителя,,паспорт,,,,,1989,,,
85345,П-500-5,Подъемно-транспортное оборудование,Лифт,0.15704,0,247.304,0,0,0,0,0,0,0,0,0,0,0,,0,0,,,0,0,,Паспорт изготовителя,,паспорт,,,,,1967,,,
85346,П-500-8,Подъемно-транспортное оборудование,Лифт,0.2874,0,282.607,0,0,0,0,0,0,0,0,0,0,0,,0,0,,,0,0,,Паспорт изготовителя,,паспорт,,,,,1986,,,
85347,ВС-2201,Подъемно-транспортное оборудование,Подъемник,0.0033,0,5.0553,0,0,0,0,0,0,0,0,0,0,0,,0,0,,,0,0,,Паспорт изготовителя,,паспорт,,,,,0,,,
85348,МШТС-4МН,Подъемно-транспортное оборудование,Подъемник,0.0033,0,2.5317,0,0,0,0,0,0,0,0,0,0,0,,0,0,,,0,0,,Паспорт изготовителя,,паспорт,,,,,0,,,
85349,"ТЭ-0,5 ВЗП",Подъемно-транспортное оборудование,Таль электрическая,0,0,6.802,0,0,0,0,0,0,0,0,0,0,0,,0,0,,,0,0,,,,,,,,,0,,,
85350,ТЭ-200-1,Подъемно-транспортное оборудование,Таль электрическая,0,0,19.633,0,0,0,0,0,0,0,0,0,0,0,,0,0,,,0,0,,Паспорт изготовителя,,паспорт,,,,,0,,,
85351,ТЭ-506,Подъемно-транспортное оборудование,Таль электрическая,0,0,36.6,0,0,0,0,0,0,0,0,0,0,0,,0,0,,,0,0,,Паспорт изготовителя,,паспорт,,,,,0,,,
85352,ЕС-301-2,Подъемно-транспортное оборудование,Тележка самоходная,0,0,36,0,0,0,0,0,0,0,0,0,0,0,,0,0,,,0,0,,,,,,,,,0,,,
85353,Л-340,Подъемно-транспортное оборудование,Тележка самоходная,0,0,26.964,0,0,0,0,0,0,0,0,0,0,0,,0,0,,,0,0,,,,,,,,,0,,,
